probability,multiplier
0.3,1.0
0.08,2.0
0.04,3.0
0.025,5.0
0.00499,10.0
0.00001,100.0